Año,Mes,Periodo,Infraestructura,Aeropuerto,Tipo de carga,Carga en TM
2019,Enero,Ene. 2019,AAP,Arequipa,carga nacional,170.83
2019,Enero,Ene. 2019,AAP,Ayacucho,carga nacional,17.16
2019,Enero,Ene. 2019,AAP,Juliaca,carga nacional,69.23
2019,Enero,Ene. 2019,AAP,Puerto Maldonado,carga nacional,46.51
2019,Enero,Ene. 2019,AAP,Tacna,carga nacional,65.79
2019,Enero,Ene. 2019,ADP,Cajamarca,carga nacional,34.71
2019,Enero,Ene. 2019,ADP,Chiclayo,carga nacional,66.18
2019,Enero,Ene. 2019,ADP,Iquitos,carga nacional,718.33
2019,Enero,Ene. 2019,ADP,Iquitos,carga internacional,14.54
2019,Enero,Ene. 2019,ADP,Piura,carga nacional,115.11
2019,Enero,Ene. 2019,ADP,Pucallpa,carga nacional,133.62
2019,Enero,Ene. 2019,ADP,Tarapoto,carga nacional,123.09
2019,Enero,Ene. 2019,ADP,Trujillo,carga nacional,39.46
2019,Enero,Ene. 2019,ADP,Tumbes,carga nacional,19.99
2019,Enero,Ene. 2019,COR,Atalaya,carga nacional,2.38
2019,Enero,Ene. 2019,COR,Cusco,carga nacional,122.63
2019,Enero,Ene. 2019,COR,Huánuco,carga nacional,8.00
2019,Enero,Ene. 2019,COR,Jauja,carga nacional,0.08
2019,Enero,Ene. 2019,COR,Tingo María,carga nacional,9.40
2019,Enero,Ene. 2019,COR,Yurimaguas,carga nacional,13.50
2019,Enero,Ene. 2019,LAP,Lima,carga nacional,"1,892.71"
2019,Enero,Ene. 2019,LAP,Lima,carga internacional,"21,963.97"
2019,Febrero,Feb. 2019,AAP,Arequipa,carga nacional,205.92
2019,Febrero,Feb. 2019,AAP,Ayacucho,carga nacional,14.02
2019,Febrero,Feb. 2019,AAP,Juliaca,carga nacional,70.95
2019,Febrero,Feb. 2019,AAP,Puerto Maldonado,carga nacional,48.29
2019,Febrero,Feb. 2019,AAP,Tacna,carga nacional,78.41
2019,Febrero,Feb. 2019,ADP,Cajamarca,carga nacional,33.86
2019,Febrero,Feb. 2019,ADP,Chiclayo,carga nacional,45.49
2019,Febrero,Feb. 2019,ADP,Iquitos,carga nacional,725.92
2019,Febrero,Feb. 2019,ADP,Piura,carga nacional,103.51
2019,Febrero,Feb. 2019,ADP,Pucallpa,carga nacional,113.32
2019,Febrero,Feb. 2019,ADP,Tarapoto,carga nacional,125.17
2019,Febrero,Feb. 2019,ADP,Trujillo,carga nacional,41.21
2019,Febrero,Feb. 2019,ADP,Tumbes,carga nacional,19.00
2019,Febrero,Feb. 2019,COR,Atalaya,carga nacional,2.46
2019,Febrero,Feb. 2019,COR,Cusco,carga nacional,106.43
2019,Febrero,Feb. 2019,COR,Huánuco,carga nacional,11.50
2019,Febrero,Feb. 2019,COR,Jauja,carga nacional,0.82
2019,Febrero,Feb. 2019,COR,Tingo María,carga nacional,10.50
2019,Febrero,Feb. 2019,COR,Yurimaguas,carga nacional,12.25
2019,Febrero,Feb. 2019,LAP,Lima,carga nacional,"1,887.86"
2019,Febrero,Feb. 2019,LAP,Lima,carga internacional,"15,837.73"
2019,Marzo,Mar. 2019,AAP,Arequipa,carga nacional,182.93
2019,Marzo,Mar. 2019,AAP,Ayacucho,carga nacional,15.38
2019,Marzo,Mar. 2019,AAP,Juliaca,carga nacional,77.05
2019,Marzo,Mar. 2019,AAP,Puerto Maldonado,carga nacional,55.10
2019,Marzo,Mar. 2019,AAP,Tacna,carga nacional,73.06
2019,Marzo,Mar. 2019,ADP,Cajamarca,carga nacional,36.68
2019,Marzo,Mar. 2019,ADP,Chiclayo,carga nacional,61.65
2019,Marzo,Mar. 2019,ADP,Iquitos,carga nacional,913.95
2019,Marzo,Mar. 2019,ADP,Iquitos,carga internacional,1.48
2019,Marzo,Mar. 2019,ADP,Piura,carga nacional,125.47
2019,Marzo,Mar. 2019,ADP,Pucallpa,carga nacional,150.46
2019,Marzo,Mar. 2019,ADP,Tarapoto,carga nacional,137.48
2019,Marzo,Mar. 2019,ADP,Trujillo,carga nacional,38.63
2019,Marzo,Mar. 2019,ADP,Tumbes,carga nacional,22.32
2019,Marzo,Mar. 2019,COR,Atalaya,carga nacional,3.31
2019,Marzo,Mar. 2019,COR,Cusco,carga nacional,126.12
2019,Marzo,Mar. 2019,COR,Huánuco,carga nacional,14.54
2019,Marzo,Mar. 2019,COR,Jauja,carga nacional,4.58
2019,Marzo,Mar. 2019,COR,Tingo María,carga nacional,13.54
2019,Marzo,Mar. 2019,COR,Yurimaguas,carga nacional,12.77
2019,Marzo,Mar. 2019,LAP,Lima,carga nacional,"2,257.34"
2019,Marzo,Mar. 2019,LAP,Lima,carga internacional,"18,690.35"
2019,Abril,Abr. 2019,AAP,Arequipa,carga nacional,166.59
2019,Abril,Abr. 2019,AAP,Ayacucho,carga nacional,17.88
2019,Abril,Abr. 2019,AAP,Juliaca,carga nacional,69.27
2019,Abril,Abr. 2019,AAP,Puerto Maldonado,carga nacional,56.16
2019,Abril,Abr. 2019,AAP,Tacna,carga nacional,78.61
2019,Abril,Abr. 2019,ADP,Cajamarca,carga nacional,33.74
2019,Abril,Abr. 2019,ADP,Chiclayo,carga nacional,49.15
2019,Abril,Abr. 2019,ADP,Iquitos,carga nacional,772.00
2019,Abril,Abr. 2019,ADP,Piura,carga nacional,102.58
2019,Abril,Abr. 2019,ADP,Pucallpa,carga nacional,162.06
2019,Abril,Abr. 2019,ADP,Tarapoto,carga nacional,124.64
2019,Abril,Abr. 2019,ADP,Trujillo,carga nacional,38.63
2019,Abril,Abr. 2019,ADP,Tumbes,carga nacional,19.08
2019,Abril,Abr. 2019,COR,Atalaya,carga nacional,2.50
2019,Abril,Abr. 2019,COR,Cusco,carga nacional,141.26
2019,Abril,Abr. 2019,COR,Huánuco,carga nacional,15.80
2019,Abril,Abr. 2019,COR,Jauja,carga nacional,1.91
2019,Abril,Abr. 2019,COR,Tingo María,carga nacional,13.40
2019,Abril,Abr. 2019,COR,Yurimaguas,carga nacional,13.09
2019,Abril,Abr. 2019,LAP,Lima,carga nacional,"2,108.85"
2019,Abril,Abr. 2019,LAP,Lima,carga internacional,"17,872.45"
2019,Mayo,May. 2019,AAP,Arequipa,carga nacional,192.32
2019,Mayo,May. 2019,AAP,Ayacucho,carga nacional,14.79
2019,Mayo,May. 2019,AAP,Juliaca,carga nacional,73.30
2019,Mayo,May. 2019,AAP,Puerto Maldonado,carga nacional,54.98
2019,Mayo,May. 2019,AAP,Tacna,carga nacional,71.40
2019,Mayo,May. 2019,ADP,Cajamarca,carga nacional,38.86
2019,Mayo,May. 2019,ADP,Chiclayo,carga nacional,42.82
2019,Mayo,May. 2019,ADP,Iquitos,carga nacional,890.66
2019,Mayo,May. 2019,ADP,Piura,carga nacional,106.36
2019,Mayo,May. 2019,ADP,Pucallpa,carga nacional,170.40
2019,Mayo,May. 2019,ADP,Tarapoto,carga nacional,149.86
2019,Mayo,May. 2019,ADP,Trujillo,carga nacional,43.98
2019,Mayo,May. 2019,ADP,Tumbes,carga nacional,22.13
2019,Mayo,May. 2019,COR,Atalaya,carga nacional,5.68
2019,Mayo,May. 2019,COR,Cusco,carga nacional,133.75
2019,Mayo,May. 2019,COR,Huánuco,carga nacional,11.54
2019,Mayo,May. 2019,COR,Jauja,carga nacional,1.50
2019,Mayo,May. 2019,COR,Tingo María,carga nacional,9.71
2019,Mayo,May. 2019,COR,Yurimaguas,carga nacional,13.28
2019,Mayo,May. 2019,LAP,Lima,carga nacional,"2,153.86"
2019,Mayo,May. 2019,LAP,Lima,carga internacional,"18,309.42"
2019,Junio,Jun. 2019,AAP,Arequipa,carga nacional,166.79
2019,Junio,Jun. 2019,AAP,Ayacucho,carga nacional,15.83
2019,Junio,Jun. 2019,AAP,Juliaca,carga nacional,69.02
2019,Junio,Jun. 2019,AAP,Puerto Maldonado,carga nacional,50.74
2019,Junio,Jun. 2019,AAP,Tacna,carga nacional,73.56
2019,Junio,Jun. 2019,ADP,Cajamarca,carga nacional,42.60
2019,Junio,Jun. 2019,ADP,Chiclayo,carga nacional,49.54
2019,Junio,Jun. 2019,ADP,Iquitos,carga nacional,838.37
2019,Junio,Jun. 2019,ADP,Iquitos,carga internacional,0.37
2019,Junio,Jun. 2019,ADP,Piura,carga nacional,106.19
2019,Junio,Jun. 2019,ADP,Pucallpa,carga nacional,164.43
2019,Junio,Jun. 2019,ADP,Tarapoto,carga nacional,146.10
2019,Junio,Jun. 2019,ADP,Trujillo,carga nacional,40.15
2019,Junio,Jun. 2019,ADP,Tumbes,carga nacional,22.60
2019,Junio,Jun. 2019,COR,Atalaya,carga nacional,4.39
2019,Junio,Jun. 2019,COR,Cusco,carga nacional,156.23
2019,Junio,Jun. 2019,COR,Huánuco,carga nacional,12.01
2019,Junio,Jun. 2019,COR,Jauja,carga nacional,1.98
2019,Junio,Jun. 2019,COR,Tingo María,carga nacional,8.55
2019,Junio,Jun. 2019,COR,Yurimaguas,carga nacional,12.46
2019,Junio,Jun. 2019,LAP,Lima,carga nacional,"2,180.64"
2019,Junio,Jun. 2019,LAP,Lima,carga internacional,"18,544.43"
2019,Julio,Jul. 2019,AAP,Arequipa,carga nacional,220.17
2019,Julio,Jul. 2019,AAP,Ayacucho,carga nacional,14.61
2019,Julio,Jul. 2019,AAP,Juliaca,carga nacional,67.18
2019,Julio,Jul. 2019,AAP,Puerto Maldonado,carga nacional,56.83
2019,Julio,Jul. 2019,AAP,Tacna,carga nacional,78.73
2019,Julio,Jul. 2019,ADP,Cajamarca,carga nacional,55.02
2019,Julio,Jul. 2019,ADP,Chiclayo,carga nacional,54.92
2019,Julio,Jul. 2019,ADP,Iquitos,carga nacional,871.86
2019,Julio,Jul. 2019,ADP,Iquitos,carga internacional,0.25
2019,Julio,Jul. 2019,ADP,Piura,carga nacional,117.38
2019,Julio,Jul. 2019,ADP,Piura,carga internacional,17.85
2019,Julio,Jul. 2019,ADP,Pucallpa,carga nacional,147.15
2019,Julio,Jul. 2019,ADP,Tarapoto,carga nacional,141.77
2019,Julio,Jul. 2019,ADP,Trujillo,carga nacional,45.94
2019,Julio,Jul. 2019,ADP,Tumbes,carga nacional,20.95
2019,Julio,Jul. 2019,COR,Atalaya,carga nacional,4.10
2019,Julio,Jul. 2019,COR,Cusco,carga nacional,162.73
2019,Julio,Jul. 2019,COR,Huánuco,carga nacional,12.70
2019,Julio,Jul. 2019,COR,Jauja,carga nacional,0.63
2019,Julio,Jul. 2019,COR,Tingo María,carga nacional,11.13
2019,Julio,Jul. 2019,COR,Yurimaguas,carga nacional,13.42
2019,Julio,Jul. 2019,LAP,Lima,carga nacional,"2,261.79"
2019,Julio,Jul. 2019,LAP,Lima,carga internacional,"21,821.23"
2019,Agosto,Ago. 2019,AAP,Arequipa,carga nacional,264.90
2019,Agosto,Ago. 2019,AAP,Ayacucho,carga nacional,14.30
2019,Agosto,Ago. 2019,AAP,Juliaca,carga nacional,87.24
2019,Agosto,Ago. 2019,AAP,Puerto Maldonado,carga nacional,62.38
2019,Agosto,Ago. 2019,AAP,Tacna,carga nacional,111.61
2019,Agosto,Ago. 2019,ADP,Cajamarca,carga nacional,60.48
2019,Agosto,Ago. 2019,ADP,Chiclayo,carga nacional,54.05
2019,Agosto,Ago. 2019,ADP,Iquitos,carga nacional,896.45
2019,Agosto,Ago. 2019,ADP,Iquitos,carga internacional,1.83
2019,Agosto,Ago. 2019,ADP,Piura,carga nacional,123.75
2019,Agosto,Ago. 2019,ADP,Piura,carga internacional,0.02
2019,Agosto,Ago. 2019,ADP,Pucallpa,carga nacional,278.68
2019,Agosto,Ago. 2019,ADP,Tarapoto,carga nacional,150.84
2019,Agosto,Ago. 2019,ADP,Trujillo,carga nacional,46.31
2019,Agosto,Ago. 2019,ADP,Tumbes,carga nacional,23.49
2019,Agosto,Ago. 2019,COR,Atalaya,carga nacional,310.89
2019,Agosto,Ago. 2019,COR,Cusco,carga nacional,166.87
2019,Agosto,Ago. 2019,COR,Huánuco,carga nacional,13.23
2019,Agosto,Ago. 2019,COR,Jauja,carga nacional,0.00
2019,Agosto,Ago. 2019,COR,Tingo María,carga nacional,13.01
2019,Agosto,Ago. 2019,COR,Yurimaguas,carga nacional,10.84
2019,Agosto,Ago. 2019,LAP,Lima,carga nacional,"2,489.03"
2019,Agosto,Ago. 2019,LAP,Lima,carga internacional,"21,103.67"
2019,Setiembre,Set. 2019,AAP,Arequipa,carga nacional,209.86
2019,Setiembre,Set. 2019,AAP,Ayacucho,carga nacional,19.19
2019,Setiembre,Set. 2019,AAP,Juliaca,carga nacional,62.06
2019,Setiembre,Set. 2019,AAP,Puerto Maldonado,carga nacional,56.49
2019,Setiembre,Set. 2019,AAP,Tacna,carga nacional,83.75
2019,Setiembre,Set. 2019,ADP,Cajamarca,carga nacional,62.78
2019,Setiembre,Set. 2019,ADP,Chiclayo,carga nacional,46.36
2019,Setiembre,Set. 2019,ADP,Iquitos,carga nacional,924.51
2019,Setiembre,Set. 2019,ADP,Iquitos,carga internacional,1.19
2019,Setiembre,Set. 2019,ADP,Piura,carga nacional,128.65
2019,Setiembre,Set. 2019,ADP,Piura,carga internacional,18.90
2019,Setiembre,Set. 2019,ADP,Pucallpa,carga nacional,338.96
2019,Setiembre,Set. 2019,ADP,Tarapoto,carga nacional,150.25
2019,Setiembre,Set. 2019,ADP,Trujillo,carga nacional,47.41
2019,Setiembre,Set. 2019,ADP,Tumbes,carga nacional,24.52
2019,Setiembre,Set. 2019,COR,Atalaya,carga nacional,416.03
2019,Setiembre,Set. 2019,COR,Chimbote,carga nacional,157.25
2019,Setiembre,Set. 2019,COR,Huánuco,carga nacional,17.70
2019,Setiembre,Set. 2019,COR,Tingo María,carga nacional,11.97
2019,Setiembre,Set. 2019,COR,Yurimaguas,carga nacional,12.93
2019,Setiembre,Set. 2019,LAP,Lima,carga nacional,"2,451.05"
2019,Setiembre,Set. 2019,LAP,Lima,carga internacional,"22,496.12"
2019,Octubre,Oct. 2019,AAP,Arequipa,carga nacional,218.04
2019,Octubre,Oct. 2019,AAP,Ayacucho,carga nacional,16.21
2019,Octubre,Oct. 2019,AAP,Juliaca,carga nacional,70.60
2019,Octubre,Oct. 2019,AAP,Puerto Maldonado,carga nacional,64.28
2019,Octubre,Oct. 2019,AAP,Tacna,carga nacional,76.44
2019,Octubre,Oct. 2019,ADP,Cajamarca,carga nacional,58.36
2019,Octubre,Oct. 2019,ADP,Chiclayo,carga nacional,56.29
2019,Octubre,Oct. 2019,ADP,Iquitos,carga nacional,"1,044.20"
2019,Octubre,Oct. 2019,ADP,Piura,carga nacional,147.59
2019,Octubre,Oct. 2019,ADP,Piura,carga internacional,18.90
2019,Octubre,Oct. 2019,ADP,Pucallpa,carga nacional,215.11
2019,Octubre,Oct. 2019,ADP,Tarapoto,carga nacional,142.88
2019,Octubre,Oct. 2019,ADP,Trujillo,carga nacional,58.42
2019,Octubre,Oct. 2019,ADP,Tumbes,carga nacional,36.71
2019,Octubre,Oct. 2019,COR,Atalaya,carga nacional,42.95
2019,Octubre,Oct. 2019,COR,Chimbote,carga nacional,166.67
2019,Octubre,Oct. 2019,COR,Huánuco,carga nacional,17.20
2019,Octubre,Oct. 2019,COR,Tingo María,carga nacional,11.90
2019,Octubre,Oct. 2019,COR,Yurimaguas,carga nacional,11.90
2019,Octubre,Oct. 2019,LAP,Lima,carga nacional,"2,728.71"
2019,Octubre,Oct. 2019,LAP,Lima,carga internacional,"21,803.61"
2019,Noviembre,Nov. 2019,AAP,Arequipa,carga nacional,205.68
2019,Noviembre,Nov. 2019,AAP,Ayacucho,carga nacional,11.71
2019,Noviembre,Nov. 2019,AAP,Juliaca,carga nacional,75.03
2019,Noviembre,Nov. 2019,AAP,Puerto Maldonado,carga nacional,64.26
2019,Noviembre,Nov. 2019,AAP,Tacna,carga nacional,81.61
2019,Noviembre,Nov. 2019,ADP,Cajamarca,carga nacional,68.40
2019,Noviembre,Nov. 2019,ADP,Chiclayo,carga nacional,57.13
2019,Noviembre,Nov. 2019,ADP,Iquitos,carga nacional,931.86
2019,Noviembre,Nov. 2019,ADP,Iquitos,carga internacional,15.11
2019,Noviembre,Nov. 2019,ADP,Piura,carga nacional,136.23
2019,Noviembre,Nov. 2019,ADP,Piura,carga internacional,19.95
2019,Noviembre,Nov. 2019,ADP,Pucallpa,carga nacional,125.33
2019,Noviembre,Nov. 2019,ADP,Tarapoto,carga nacional,123.32
2019,Noviembre,Nov. 2019,ADP,Trujillo,carga nacional,48.66
2019,Noviembre,Nov. 2019,ADP,Tumbes,carga nacional,27.22
2019,Noviembre,Nov. 2019,COR,Atalaya,carga nacional,2.12
2019,Noviembre,Nov. 2019,COR,Cusco,carga nacional,143.81
2019,Noviembre,Nov. 2019,COR,Huánuco,carga nacional,24.33
2019,Noviembre,Nov. 2019,COR,Tingo María,carga nacional,12.31
2019,Noviembre,Nov. 2019,COR,Yurimaguas,carga nacional,13.40
2019,Noviembre,Nov. 2019,LAP,Lima,carga nacional,"2,413.53"
2019,Noviembre,Nov. 2019,LAP,Lima,carga internacional,"22,337.15"
2019,Diciembre,Dic. 2019,AAP,Arequipa,carga nacional,228.19
2019,Diciembre,Dic. 2019,AAP,Ayacucho,carga nacional,16.03
2019,Diciembre,Dic. 2019,AAP,Juliaca,carga nacional,98.12
2019,Diciembre,Dic. 2019,AAP,Puerto Maldonado,carga nacional,79.26
2019,Diciembre,Dic. 2019,AAP,Tacna,carga nacional,87.13
2019,Diciembre,Dic. 2019,ADP,Cajamarca,carga nacional,73.65
2019,Diciembre,Dic. 2019,ADP,Chiclayo,carga nacional,87.79
2019,Diciembre,Dic. 2019,ADP,Iquitos,carga nacional,996.03
2019,Diciembre,Dic. 2019,ADP,Iquitos,carga internacional,1.94
2019,Diciembre,Dic. 2019,ADP,Piura,carga nacional,173.04
2019,Diciembre,Dic. 2019,ADP,Piura,carga internacional,19.95
2019,Diciembre,Dic. 2019,ADP,Pucallpa,carga nacional,135.17
2019,Diciembre,Dic. 2019,ADP,Tarapoto,carga nacional,149.22
2019,Diciembre,Dic. 2019,ADP,Trujillo,carga nacional,61.77
2019,Diciembre,Dic. 2019,ADP,Tumbes,carga nacional,44.15
2019,Diciembre,Dic. 2019,COR,Atalaya,carga nacional,3.40
2019,Diciembre,Dic. 2019,COR,Cusco,carga nacional,152.57
2019,Diciembre,Dic. 2019,COR,Huánuco,carga nacional,26.10
2019,Diciembre,Dic. 2019,COR,Tingo María,carga nacional,12.50
2019,Diciembre,Dic. 2019,COR,Yurimaguas,carga nacional,12.70
2019,Diciembre,Dic. 2019,LAP,Lima,carga nacional,"2,499.42"
2019,Diciembre,Dic. 2019,LAP,Lima,carga internacional,"23,221.26"
2020,Enero,Ene. 2020,AAP,Arequipa,carga nacional,196.44
2020,Enero,Ene. 2020,AAP,Ayacucho,carga nacional,15.34
2020,Enero,Ene. 2020,AAP,Juliaca,carga nacional,64.64
2020,Enero,Ene. 2020,AAP,Puerto Maldonado,carga nacional,59.39
2020,Enero,Ene. 2020,AAP,Tacna,carga nacional,70.29
2020,Enero,Ene. 2020,ADP,Cajamarca,carga nacional,60.69
2020,Enero,Ene. 2020,ADP,Chiclayo,carga nacional,70.25
2020,Enero,Ene. 2020,ADP,Iquitos,carga nacional,860.02
2020,Enero,Ene. 2020,ADP,Iquitos,carga internacional,3.04
2020,Enero,Ene. 2020,ADP,Piura,carga nacional,131.87
2020,Enero,Ene. 2020,ADP,Pucallpa,carga nacional,114.14
2020,Enero,Ene. 2020,ADP,Tarapoto,carga nacional,126.50
2020,Enero,Ene. 2020,ADP,Trujillo,carga nacional,46.91
2020,Enero,Ene. 2020,ADP,Tumbes,carga nacional,31.77
2020,Enero,Ene. 2020,COR,Atalaya,carga nacional,1.82
2020,Enero,Ene. 2020,COR,Cusco,carga nacional,119.56
2020,Enero,Ene. 2020,COR,Huánuco,carga nacional,19.90
2020,Enero,Ene. 2020,COR,Tingo María,carga nacional,12.60
2020,Enero,Ene. 2020,COR,Yurimaguas,carga nacional,12.90
2020,Enero,Ene. 2020,LAP,Lima,carga nacional,"2,605.03"
2020,Enero,Ene. 2020,LAP,Lima,carga internacional,"21,864.10"
2020,Febrero,Feb. 2020,AAP,Arequipa,carga nacional,189.37
2020,Febrero,Feb. 2020,AAP,Ayacucho,carga nacional,16.91
2020,Febrero,Feb. 2020,AAP,Juliaca,carga nacional,61.00
2020,Febrero,Feb. 2020,AAP,Puerto Maldonado,carga nacional,58.67
2020,Febrero,Feb. 2020,AAP,Tacna,carga nacional,91.97
2020,Febrero,Feb. 2020,ADP,Cajamarca,carga nacional,65.86
2020,Febrero,Feb. 2020,ADP,Chiclayo,carga nacional,57.20
2020,Febrero,Feb. 2020,ADP,Iquitos,carga nacional,895.26
2020,Febrero,Feb. 2020,ADP,Iquitos,carga internacional,1.89
2020,Febrero,Feb. 2020,ADP,Piura,carga nacional,120.29
2020,Febrero,Feb. 2020,ADP,Pucallpa,carga nacional,162.47
2020,Febrero,Feb. 2020,ADP,Tarapoto,carga nacional,122.32
2020,Febrero,Feb. 2020,ADP,Trujillo,carga nacional,39.33
2020,Febrero,Feb. 2020,ADP,Tumbes,carga nacional,24.16
2020,Febrero,Feb. 2020,COR,Atalaya,carga nacional,3.82
2020,Febrero,Feb. 2020,COR,Cusco,carga nacional,136.18
2020,Febrero,Feb. 2020,COR,Huánuco,carga nacional,19.76
2020,Febrero,Feb. 2020,COR,Tingo María,carga nacional,11.95
2020,Febrero,Feb. 2020,COR,Yurimaguas,carga nacional,12.25
2020,Febrero,Feb. 2020,LAP,Lima,carga nacional,"2,297.22"
2020,Febrero,Feb. 2020,LAP,Lima,carga internacional,"15,942.99"
2020,Marzo,Mar. 2020,AAP,Arequipa,carga nacional,104.42
2020,Marzo,Mar. 2020,AAP,Ayacucho,carga nacional,11.36
2020,Marzo,Mar. 2020,AAP,Juliaca,carga nacional,29.85
2020,Marzo,Mar. 2020,AAP,Puerto Maldonado,carga nacional,33.64
2020,Marzo,Mar. 2020,AAP,Tacna,carga nacional,47.85
2020,Marzo,Mar. 2020,ADP,Cajamarca,carga nacional,36.91
2020,Marzo,Mar. 2020,ADP,Chiclayo,carga nacional,28.01
2020,Marzo,Mar. 2020,ADP,Iquitos,carga nacional,533.69
2020,Marzo,Mar. 2020,ADP,Iquitos,carga internacional,6.65
2020,Marzo,Mar. 2020,ADP,Piura,carga nacional,60.85
2020,Marzo,Mar. 2020,ADP,Pucallpa,carga nacional,79.21
2020,Marzo,Mar. 2020,ADP,Tarapoto,carga nacional,65.82
2020,Marzo,Mar. 2020,ADP,Trujillo,carga nacional,20.91
2020,Marzo,Mar. 2020,ADP,Tumbes,carga nacional,12.68
2020,Marzo,Mar. 2020,COR,Atalaya,carga nacional,2.97
2020,Marzo,Mar. 2020,COR,Cusco,carga nacional,62.65
2020,Marzo,Mar. 2020,COR,Huánuco,carga nacional,7.85
2020,Marzo,Mar. 2020,COR,Jaén,carga nacional,4.59
2020,Marzo,Mar. 2020,COR,Tingo María,carga nacional,4.50
2020,Marzo,Mar. 2020,COR,Yurimaguas,carga nacional,6.70
2020,Marzo,Mar. 2020,LAP,Lima,carga nacional,"1,418.53"
2020,Marzo,Mar. 2020,LAP,Lima,carga internacional,"12,022.75"
2020,Abril,Abr. 2020,AAP,Arequipa,carga nacional,17.17
2020,Abril,Abr. 2020,AAP,Ayacucho,carga nacional,1.42
2020,Abril,Abr. 2020,AAP,Juliaca,carga nacional,5.58
2020,Abril,Abr. 2020,AAP,Tacna,carga nacional,18.16
2020,Abril,Abr. 2020,ADP,Cajamarca,carga nacional,9.41
2020,Abril,Abr. 2020,ADP,Chachapoyas,carga nacional,5.33
2020,Abril,Abr. 2020,ADP,Chiclayo,carga nacional,13.54
2020,Abril,Abr. 2020,ADP,Iquitos,carga nacional,298.93
2020,Abril,Abr. 2020,ADP,Piura,carga nacional,11.12
2020,Abril,Abr. 2020,ADP,Pucallpa,carga nacional,42.89
2020,Abril,Abr. 2020,ADP,Tarapoto,carga nacional,2.76
2020,Abril,Abr. 2020,ADP,Trujillo,carga nacional,7.73
2020,Abril,Abr. 2020,COR,Cusco,carga nacional,23.16
2020,Abril,Abr. 2020,COR,Yurimaguas,carga nacional,3.35
2020,Abril,Abr. 2020,LAP,Lima,carga nacional,518.90
2020,Abril,Abr. 2020,LAP,Lima,carga internacional,"8,083.80"
2020,Mayo,May. 2020,AAP,Arequipa,carga nacional,16.43
2020,Mayo,May. 2020,AAP,Ayacucho,carga nacional,3.43
2020,Mayo,May. 2020,AAP,Juliaca,carga nacional,8.71
2020,Mayo,May. 2020,AAP,Puerto Maldonado,carga nacional,3.44
2020,Mayo,May. 2020,AAP,Tacna,carga nacional,15.19
2020,Mayo,May. 2020,ADP,Cajamarca,carga nacional,7.49
2020,Mayo,May. 2020,ADP,Chiclayo,carga nacional,17.95
2020,Mayo,May. 2020,ADP,Iquitos,carga nacional,962.26
2020,Mayo,May. 2020,ADP,Iquitos,carga internacional,2.07
2020,Mayo,May. 2020,ADP,Piura,carga nacional,6.58
2020,Mayo,May. 2020,ADP,Pucallpa,carga nacional,60.71
2020,Mayo,May. 2020,ADP,Tarapoto,carga nacional,34.57
2020,Mayo,May. 2020,ADP,Trujillo,carga nacional,13.91
2020,Mayo,May. 2020,ADP,Tumbes,carga nacional,0.34
2020,Mayo,May. 2020,COR,Cusco,carga nacional,13.61
2020,Mayo,May. 2020,COR,Jauja,carga nacional,0.80
2020,Mayo,May. 2020,COR,Yurimaguas,carga nacional,1.75
2020,Mayo,May. 2020,LAP,Lima,carga nacional,"1,083.96"
2020,Mayo,May. 2020,LAP,Lima,carga internacional,"11,505.49"
2020,Junio,Jun. 2020,AAP,Arequipa,carga nacional,8.26
2020,Junio,Jun. 2020,AAP,Ayacucho,carga nacional,3.92
2020,Junio,Jun. 2020,AAP,Juliaca,carga nacional,4.47
2020,Junio,Jun. 2020,AAP,Puerto Maldonado,carga nacional,0.50
2020,Junio,Jun. 2020,AAP,Tacna,carga nacional,15.82
2020,Junio,Jun. 2020,ADP,Cajamarca,carga nacional,8.83
2020,Junio,Jun. 2020,ADP,Chiclayo,carga nacional,16.73
2020,Junio,Jun. 2020,ADP,Iquitos,carga nacional,953.38
2020,Junio,Jun. 2020,ADP,Iquitos,carga internacional,3.09
2020,Junio,Jun. 2020,ADP,Piura,carga nacional,3.73
2020,Junio,Jun. 2020,ADP,Pucallpa,carga nacional,41.55
2020,Junio,Jun. 2020,ADP,Tarapoto,carga nacional,33.08
2020,Junio,Jun. 2020,ADP,Trujillo,carga nacional,11.51
2020,Junio,Jun. 2020,ADP,Tumbes,carga nacional,1.17
2020,Junio,Jun. 2020,COR,Cusco,carga nacional,17.12
2020,Junio,Jun. 2020,COR,Jauja,carga nacional,1.00
2020,Junio,Jun. 2020,COR,Yurimaguas,carga nacional,2.05
2020,Junio,Jun. 2020,LAP,Lima,carga nacional,926.91
2020,Junio,Jun. 2020,LAP,Lima,carga internacional,"11,955.09"
2020,Julio,Jul. 2020,AAP,Arequipa,carga nacional,10.77
2020,Julio,Jul. 2020,AAP,Ayacucho,carga nacional,3.77
2020,Julio,Jul. 2020,AAP,Juliaca,carga nacional,12.33
2020,Julio,Jul. 2020,AAP,Puerto Maldonado,carga nacional,0.79
2020,Julio,Jul. 2020,AAP,Tacna,carga nacional,26.00
2020,Julio,Jul. 2020,ADP,Cajamarca,carga nacional,18.58
2020,Julio,Jul. 2020,ADP,Chachapoyas,carga nacional,0.70
2020,Julio,Jul. 2020,ADP,Chiclayo,carga nacional,20.17
2020,Julio,Jul. 2020,ADP,Iquitos,carga nacional,"1,045.99"
2020,Julio,Jul. 2020,ADP,Iquitos,carga internacional,11.39
2020,Julio,Jul. 2020,ADP,Piura,carga nacional,17.18
2020,Julio,Jul. 2020,ADP,Pucallpa,carga nacional,80.36
2020,Julio,Jul. 2020,ADP,Tarapoto,carga nacional,10.40
2020,Julio,Jul. 2020,ADP,Trujillo,carga nacional,17.06
2020,Julio,Jul. 2020,ADP,Tumbes,carga nacional,2.40
2020,Julio,Jul. 2020,COR,Atalaya,carga nacional,1.87
2020,Julio,Jul. 2020,COR,Cusco,carga nacional,45.46
2020,Julio,Jul. 2020,COR,Jauja,carga nacional,0.48
2020,Julio,Jul. 2020,COR,Yurimaguas,carga nacional,2.35
2020,Julio,Jul. 2020,LAP,Lima,carga nacional,"1,345.86"
2020,Julio,Jul. 2020,LAP,Lima,carga internacional,"12,768.91"
2020,Agosto,Ago. 2020,AAP,Arequipa,carga nacional,16.38
2020,Agosto,Ago. 2020,AAP,Ayacucho,carga nacional,4.90
2020,Agosto,Ago. 2020,AAP,Juliaca,carga nacional,7.04
2020,Agosto,Ago. 2020,AAP,Puerto Maldonado,carga nacional,1.24
2020,Agosto,Ago. 2020,AAP,Tacna,carga nacional,26.71
2020,Agosto,Ago. 2020,ADP,Cajamarca,carga nacional,7.95
2020,Agosto,Ago. 2020,ADP,Chiclayo,carga nacional,16.90
2020,Agosto,Ago. 2020,ADP,Iquitos,carga nacional,"1,050.21"
2020,Agosto,Ago. 2020,ADP,Iquitos,carga internacional,4.03
2020,Agosto,Ago. 2020,ADP,Piura,carga nacional,35.32
2020,Agosto,Ago. 2020,ADP,Pucallpa,carga nacional,105.29
2020,Agosto,Ago. 2020,ADP,Tarapoto,carga nacional,4.21
2020,Agosto,Ago. 2020,ADP,Trujillo,carga nacional,15.20
2020,Agosto,Ago. 2020,ADP,Tumbes,carga nacional,6.71
2020,Agosto,Ago. 2020,COR,Atalaya,carga nacional,3.28
2020,Agosto,Ago. 2020,COR,Cusco,carga nacional,20.48
2020,Agosto,Ago. 2020,COR,Jauja,carga nacional,3.00
2020,Agosto,Ago. 2020,COR,Yurimaguas,carga nacional,5.10
2020,Agosto,Ago. 2020,LAP,Lima,carga nacional,"1,317.20"
2020,Agosto,Ago. 2020,LAP,Lima,carga internacional,"13,549.69"
2020,Setiembre,Set. 2020,AAP,Arequipa,carga nacional,47.00
2020,Setiembre,Set. 2020,AAP,Juliaca,carga nacional,2.89
2020,Setiembre,Set. 2020,AAP,Puerto Maldonado,carga nacional,1.25
2020,Setiembre,Set. 2020,AAP,Tacna,carga nacional,16.93
2020,Setiembre,Set. 2020,ADP,Cajamarca,carga nacional,12.06
2020,Setiembre,Set. 2020,ADP,Chiclayo,carga nacional,22.69
2020,Setiembre,Set. 2020,ADP,Iquitos,carga nacional,962.13
2020,Setiembre,Set. 2020,ADP,Iquitos,carga internacional,5.58
2020,Setiembre,Set. 2020,ADP,Piura,carga nacional,40.17
2020,Setiembre,Set. 2020,ADP,Pucallpa,carga nacional,110.70
2020,Setiembre,Set. 2020,ADP,Tarapoto,carga nacional,39.51
2020,Setiembre,Set. 2020,ADP,Trujillo,carga nacional,5.60
2020,Setiembre,Set. 2020,ADP,Tumbes,carga nacional,9.26
2020,Setiembre,Set. 2020,COR,Atalaya,carga nacional,4.40
2020,Setiembre,Set. 2020,COR,Cusco,carga nacional,23.83
2020,Setiembre,Set. 2020,COR,Jauja,carga nacional,4.50
2020,Setiembre,Set. 2020,COR,Yurimaguas,carga nacional,13.58
2020,Setiembre,Set. 2020,LAP,Lima,carga nacional,"1,353.24"
2020,Setiembre,Set. 2020,LAP,Lima,carga internacional,"14,281.31"
2020,Octubre,Oct. 2020,AAP,Arequipa,carga nacional,72.65
2020,Octubre,Oct. 2020,AAP,Ayacucho,carga nacional,1.44
2020,Octubre,Oct. 2020,AAP,Juliaca,carga nacional,26.16
2020,Octubre,Oct. 2020,AAP,Puerto Maldonado,carga nacional,20.90
2020,Octubre,Oct. 2020,AAP,Tacna,carga nacional,32.47
2020,Octubre,Oct. 2020,ADP,Cajamarca,carga nacional,25.59
2020,Octubre,Oct. 2020,ADP,Chiclayo,carga nacional,25.41
2020,Octubre,Oct. 2020,ADP,Iquitos,carga nacional,"1,029.31"
2020,Octubre,Oct. 2020,ADP,Iquitos,carga internacional,0.80
2020,Octubre,Oct. 2020,ADP,Piura,carga nacional,57.42
2020,Octubre,Oct. 2020,ADP,Pucallpa,carga nacional,128.00
2020,Octubre,Oct. 2020,ADP,Tarapoto,carga nacional,86.99
2020,Octubre,Oct. 2020,ADP,Trujillo,carga nacional,15.16
2020,Octubre,Oct. 2020,ADP,Tumbes,carga nacional,8.85
2020,Octubre,Oct. 2020,COR,Atalaya,carga nacional,3.27
2020,Octubre,Oct. 2020,COR,Cusco,carga nacional,74.33
2020,Octubre,Oct. 2020,COR,Jauja,carga nacional,5.45
2020,Octubre,Oct. 2020,COR,Yurimaguas,carga nacional,12.00
2020,Octubre,Oct. 2020,LAP,Lima,carga nacional,"1,508.25"
2020,Octubre,Oct. 2020,LAP,Lima,carga internacional,"17,137.34"
2020,Noviembre,Nov. 2020,AAP,Arequipa,carga nacional,77.41
2020,Noviembre,Nov. 2020,AAP,Ayacucho,carga nacional,5.55
2020,Noviembre,Nov. 2020,AAP,Juliaca,carga nacional,32.70
2020,Noviembre,Nov. 2020,AAP,Puerto Maldonado,carga nacional,27.15
2020,Noviembre,Nov. 2020,AAP,Tacna,carga nacional,33.94
2020,Noviembre,Nov. 2020,ADP,Cajamarca,carga nacional,27.62
2020,Noviembre,Nov. 2020,ADP,Chiclayo,carga nacional,45.97
2020,Noviembre,Nov. 2020,ADP,Iquitos,carga nacional,"1,126.03"
2020,Noviembre,Nov. 2020,ADP,Iquitos,carga internacional,1.63
2020,Noviembre,Nov. 2020,ADP,Piura,carga nacional,76.58
2020,Noviembre,Nov. 2020,ADP,Pucallpa,carga nacional,113.33
2020,Noviembre,Nov. 2020,ADP,Tarapoto,carga nacional,88.71
2020,Noviembre,Nov. 2020,ADP,Trujillo,carga nacional,24.68
2020,Noviembre,Nov. 2020,ADP,Tumbes,carga nacional,8.70
2020,Noviembre,Nov. 2020,COR,Atalaya,carga nacional,3.10
2020,Noviembre,Nov. 2020,COR,Cusco,carga nacional,73.15
2020,Noviembre,Nov. 2020,COR,Huánuco,carga nacional,2.65
2020,Noviembre,Nov. 2020,COR,Jauja,carga nacional,1.50
2020,Noviembre,Nov. 2020,COR,Moquegua,carga nacional,0.60
2020,Noviembre,Nov. 2020,COR,Tingo María,carga nacional,3.63
2020,Noviembre,Nov. 2020,COR,Yurimaguas,carga nacional,12.95
2020,Noviembre,Nov. 2020,LAP,Lima,carga nacional,"1,653.19"
2020,Noviembre,Nov. 2020,LAP,Lima,carga internacional,"16,803.46"
2020,Diciembre,Dic. 2020,AAP,Arequipa,carga nacional,211.40
2020,Diciembre,Dic. 2020,AAP,Ayacucho,carga nacional,3.40
2020,Diciembre,Dic. 2020,AAP,Juliaca,carga nacional,58.98
2020,Diciembre,Dic. 2020,AAP,Puerto Maldonado,carga nacional,50.08
2020,Diciembre,Dic. 2020,AAP,Tacna,carga nacional,63.29
2020,Diciembre,Dic. 2020,ADP,Cajamarca,carga nacional,50.27
2020,Diciembre,Dic. 2020,ADP,Chiclayo,carga nacional,76.85
2020,Diciembre,Dic. 2020,ADP,Iquitos,carga nacional,"1,222.23"
2020,Diciembre,Dic. 2020,ADP,Iquitos,carga internacional,2.03
2020,Diciembre,Dic. 2020,ADP,Pisco,carga nacional,0.67
2020,Diciembre,Dic. 2020,ADP,Piura,carga nacional,100.60
2020,Diciembre,Dic. 2020,ADP,Pucallpa,carga nacional,165.72
2020,Diciembre,Dic. 2020,ADP,Tarapoto,carga nacional,101.44
2020,Diciembre,Dic. 2020,ADP,Trujillo,carga nacional,78.64
2020,Diciembre,Dic. 2020,ADP,Tumbes,carga nacional,27.26
2020,Diciembre,Dic. 2020,COR,Atalaya,carga nacional,6.40
2020,Diciembre,Dic. 2020,COR,Cusco,carga nacional,129.52
2020,Diciembre,Dic. 2020,COR,Huánuco,carga nacional,2.65
2020,Diciembre,Dic. 2020,COR,Jauja,carga nacional,2.70
2020,Diciembre,Dic. 2020,COR,Moquegua,carga nacional,0.25
2020,Diciembre,Dic. 2020,COR,Tingo María,carga nacional,3.55
2020,Diciembre,Dic. 2020,COR,Yurimaguas,carga nacional,13.15
2020,Diciembre,Dic. 2020,LAP,Lima,carga nacional,"2,391.86"
2020,Diciembre,Dic. 2020,LAP,Lima,carga internacional,"16,029.98"
2021,Enero,Ene. 2021,AAP,Arequipa,carga nacional,90.96
2021,Enero,Ene. 2021,AAP,Ayacucho,carga nacional,2.49
2021,Enero,Ene. 2021,AAP,Juliaca,carga nacional,38.67
2021,Enero,Ene. 2021,AAP,Puerto Maldonado,carga nacional,34.67
2021,Enero,Ene. 2021,AAP,Tacna,carga nacional,39.15
2021,Enero,Ene. 2021,ADP,Cajamarca,carga nacional,38.90
2021,Enero,Ene. 2021,ADP,Chiclayo,carga nacional,43.34
2021,Enero,Ene. 2021,ADP,Iquitos,carga nacional,"1,050.28"
2021,Enero,Ene. 2021,ADP,Iquitos,carga internacional,0.72
2021,Enero,Ene. 2021,ADP,Piura,carga nacional,72.71
2021,Enero,Ene. 2021,ADP,Pucallpa,carga nacional,107.59
2021,Enero,Ene. 2021,ADP,Tarapoto,carga nacional,89.53
2021,Enero,Ene. 2021,ADP,Trujillo,carga nacional,33.81
2021,Enero,Ene. 2021,ADP,Tumbes,carga nacional,13.44
2021,Enero,Ene. 2021,COR,Atalaya,carga nacional,2.94
2021,Enero,Ene. 2021,COR,Cusco,carga nacional,82.17
2021,Enero,Ene. 2021,COR,Huánuco,carga nacional,6.20
2021,Enero,Ene. 2021,COR,Jaén,carga nacional,2.70
2021,Enero,Ene. 2021,COR,Tingo María,carga nacional,4.05
2021,Enero,Ene. 2021,COR,Yurimaguas,carga nacional,12.10
2021,Enero,Ene. 2021,LAP,Lima,carga nacional,"1,735.14"
2021,Enero,Ene. 2021,LAP,Lima,carga internacional,"17,602.60"
2021,Febrero,Feb. 2021,AAP,Arequipa,carga nacional,87.28
2021,Febrero,Feb. 2021,AAP,Ayacucho,carga nacional,3.05
2021,Febrero,Feb. 2021,AAP,Juliaca,carga nacional,33.82
2021,Febrero,Feb. 2021,AAP,Puerto Maldonado,carga nacional,43.28
2021,Febrero,Feb. 2021,AAP,Tacna,carga nacional,35.92
2021,Febrero,Feb. 2021,ADP,Cajamarca,carga nacional,34.71
2021,Febrero,Feb. 2021,ADP,Chiclayo,carga nacional,36.36
2021,Febrero,Feb. 2021,ADP,Iquitos,carga nacional,815.15
2021,Febrero,Feb. 2021,ADP,Iquitos,carga internacional,2.84
2021,Febrero,Feb. 2021,ADP,Piura,carga nacional,66.93
2021,Febrero,Feb. 2021,ADP,Pucallpa,carga nacional,136.02
2021,Febrero,Feb. 2021,ADP,Tarapoto,carga nacional,62.79
2021,Febrero,Feb. 2021,ADP,Trujillo,carga nacional,27.23
2021,Febrero,Feb. 2021,ADP,Tumbes,carga nacional,8.70
2021,Febrero,Feb. 2021,COR,Atalaya,carga nacional,3.04
2021,Febrero,Feb. 2021,COR,Cusco,carga nacional,75.21
2021,Febrero,Feb. 2021,COR,Huánuco,carga nacional,1.10
2021,Febrero,Feb. 2021,COR,Jaén,carga nacional,1.40
2021,Febrero,Feb. 2021,COR,Tingo María,carga nacional,1.15
2021,Febrero,Feb. 2021,COR,Yurimaguas,carga nacional,4.08
2021,Febrero,Feb. 2021,LAP,Lima,carga nacional,"1,433.03"
2021,Febrero,Feb. 2021,LAP,Lima,carga internacional,"12,836.28"
2021,Marzo,Mar. 2021,AAP,Arequipa,carga nacional,150.36
2021,Marzo,Mar. 2021,AAP,Ayacucho,carga nacional,7.19
2021,Marzo,Mar. 2021,AAP,Juliaca,carga nacional,44.84
2021,Marzo,Mar. 2021,AAP,Puerto Maldonado,carga nacional,34.82
2021,Marzo,Mar. 2021,AAP,Tacna,carga nacional,50.01
2021,Marzo,Mar. 2021,ADP,Cajamarca,carga nacional,48.44
2021,Marzo,Mar. 2021,ADP,Chiclayo,carga nacional,58.72
2021,Marzo,Mar. 2021,ADP,Iquitos,carga nacional,"1,008.09"
2021,Marzo,Mar. 2021,ADP,Iquitos,carga internacional,3.09
2021,Marzo,Mar. 2021,ADP,Piura,carga nacional,143.72
2021,Marzo,Mar. 2021,ADP,Pucallpa,carga nacional,124.37
2021,Marzo,Mar. 2021,ADP,Tarapoto,carga nacional,95.97
2021,Marzo,Mar. 2021,ADP,Trujillo,carga nacional,117.51
2021,Marzo,Mar. 2021,ADP,Tumbes,carga nacional,16.96
2021,Marzo,Mar. 2021,COR,Atalaya,carga nacional,2.93
2021,Marzo,Mar. 2021,COR,Cusco,carga nacional,108.89
2021,Marzo,Mar. 2021,COR,Huánuco,carga nacional,9.19
2021,Marzo,Mar. 2021,COR,Jaén,carga nacional,3.54
2021,Marzo,Mar. 2021,COR,Tingo María,carga nacional,3.10
2021,Marzo,Mar. 2021,COR,Yurimaguas,carga nacional,11.60
2021,Marzo,Mar. 2021,LAP,Lima,carga nacional,"2,124.96"
2021,Marzo,Mar. 2021,LAP,Lima,carga internacional,"15,625.91"
2021,Abril,Abr. 2021,AAP,Arequipa,carga nacional,95.95
2021,Abril,Abr. 2021,AAP,Ayacucho,carga nacional,2.97
2021,Abril,Abr. 2021,AAP,Juliaca,carga nacional,34.30
2021,Abril,Abr. 2021,AAP,Puerto Maldonado,carga nacional,34.11
2021,Abril,Abr. 2021,AAP,Tacna,carga nacional,44.22
2021,Abril,Abr. 2021,ADP,Cajamarca,carga nacional,29.91
2021,Abril,Abr. 2021,ADP,Chiclayo,carga nacional,25.56
2021,Abril,Abr. 2021,ADP,Iquitos,carga nacional,932.87
2021,Abril,Abr. 2021,ADP,Iquitos,carga internacional,4.66
2021,Abril,Abr. 2021,ADP,Piura,carga nacional,54.72
2021,Abril,Abr. 2021,ADP,Pucallpa,carga nacional,132.76
2021,Abril,Abr. 2021,ADP,Tarapoto,carga nacional,66.93
2021,Abril,Abr. 2021,ADP,Trujillo,carga nacional,21.41
2021,Abril,Abr. 2021,ADP,Tumbes,carga nacional,10.52
2021,Abril,Abr. 2021,COR,Atalaya,carga nacional,3.08
2021,Abril,Abr. 2021,COR,Cusco,carga nacional,90.68
2021,Abril,Abr. 2021,COR,Huánuco,carga nacional,14.60
2021,Abril,Abr. 2021,COR,Jaén,carga nacional,6.50
2021,Abril,Abr. 2021,COR,Rioja,carga nacional,0.65
2021,Abril,Abr. 2021,COR,Tingo María,carga nacional,8.25
2021,Abril,Abr. 2021,COR,Yurimaguas,carga nacional,11.78
2021,Abril,Abr. 2021,LAP,Lima,carga nacional,"1,620.69"
2021,Abril,Abr. 2021,LAP,Lima,carga internacional,"15,020.30"
2021,Mayo,May. 2021,AAP,Arequipa,carga nacional,101.49
2021,Mayo,May. 2021,AAP,Ayacucho,carga nacional,46.90
2021,Mayo,May. 2021,AAP,Juliaca,carga nacional,42.74
2021,Mayo,May. 2021,AAP,Puerto Maldonado,carga nacional,48.05
2021,Mayo,May. 2021,AAP,Tacna,carga nacional,4.13
2021,Mayo,May. 2021,ADP,Cajamarca,carga nacional,34.10
2021,Mayo,May. 2021,ADP,Chachapoyas,carga nacional,0.01
2021,Mayo,May. 2021,ADP,Chiclayo,carga nacional,25.83
2021,Mayo,May. 2021,ADP,Iquitos,carga nacional,"1,062.22"
2021,Mayo,May. 2021,ADP,Iquitos,carga internacional,4.10
2021,Mayo,May. 2021,ADP,Piura,carga nacional,49.96
2021,Mayo,May. 2021,ADP,Pucallpa,carga nacional,163.02
2021,Mayo,May. 2021,ADP,Tarapoto,carga nacional,82.56
2021,Mayo,May. 2021,ADP,Trujillo,carga nacional,26.52
2021,Mayo,May. 2021,ADP,Tumbes,carga nacional,23.62
2021,Mayo,May. 2021,COR,Atalaya,carga nacional,31.64
2021,Mayo,May. 2021,COR,Cusco,carga nacional,97.57
2021,Mayo,May. 2021,COR,Huánuco,carga nacional,15.75
2021,Mayo,May. 2021,COR,Jaén,carga nacional,6.60
2021,Mayo,May. 2021,COR,Moquegua,carga nacional,0.83
2021,Mayo,May. 2021,COR,Rioja,carga nacional,0.99
2021,Mayo,May. 2021,COR,Tingo María,carga nacional,9.25
2021,Mayo,May. 2021,COR,Yurimaguas,carga nacional,7.93
2021,Mayo,May. 2021,LAP,Lima,carga nacional,"1,822.67"
2021,Mayo,May. 2021,LAP,Lima,carga internacional,"15,562.16"
2021,Junio,Jun. 2021,AAP,Arequipa,carga nacional,64.67
2021,Junio,Jun. 2021,AAP,Ayacucho,carga nacional,44.81
2021,Junio,Jun. 2021,AAP,Juliaca,carga nacional,44.53
2021,Junio,Jun. 2021,AAP,Puerto Maldonado,carga nacional,50.21
2021,Junio,Jun. 2021,AAP,Tacna,carga nacional,2.97
2021,Junio,Jun. 2021,ADP,Cajamarca,carga nacional,28.48
2021,Junio,Jun. 2021,ADP,Chiclayo,carga nacional,22.74
2021,Junio,Jun. 2021,ADP,Iquitos,carga nacional,984.54
2021,Junio,Jun. 2021,ADP,Iquitos,carga internacional,2.89
2021,Junio,Jun. 2021,ADP,Piura,carga nacional,53.06
2021,Junio,Jun. 2021,ADP,Pucallpa,carga nacional,132.35
2021,Junio,Jun. 2021,ADP,Tarapoto,carga nacional,85.76
2021,Junio,Jun. 2021,ADP,Trujillo,carga nacional,30.76
2021,Junio,Jun. 2021,ADP,Tumbes,carga nacional,13.88
2021,Junio,Jun. 2021,COR,Atalaya,carga nacional,3.66
2021,Junio,Jun. 2021,COR,Cusco,carga nacional,102.50
2021,Junio,Jun. 2021,COR,Huánuco,carga nacional,15.25
2021,Junio,Jun. 2021,COR,Ilo,carga nacional,0.05
2021,Junio,Jun. 2021,COR,Jaén,carga nacional,5.83
2021,Junio,Jun. 2021,COR,Rioja,carga nacional,0.31
2021,Junio,Jun. 2021,COR,Tingo María,carga nacional,9.41
2021,Junio,Jun. 2021,COR,Yurimaguas,carga nacional,7.65
2021,Junio,Jun. 2021,LAP,Lima,carga nacional,"1,734.71"
2021,Junio,Jun. 2021,LAP,Lima,carga internacional,"15,600.33"
2021,Julio,Jul. 2021,AAP,Arequipa,carga nacional,82.17
2021,Julio,Jul. 2021,AAP,Ayacucho,carga nacional,48.46
2021,Julio,Jul. 2021,AAP,Juliaca,carga nacional,47.47
2021,Julio,Jul. 2021,AAP,Puerto Maldonado,carga nacional,60.51
2021,Julio,Jul. 2021,AAP,Tacna,carga nacional,7.43
2021,Julio,Jul. 2021,ADP,Cajamarca,carga nacional,33.47
2021,Julio,Jul. 2021,ADP,Chiclayo,carga nacional,31.71
2021,Julio,Jul. 2021,ADP,Iquitos,carga nacional,"1,059.52"
2021,Julio,Jul. 2021,ADP,Iquitos,carga internacional,1.09
2021,Julio,Jul. 2021,ADP,Piura,carga nacional,54.25
2021,Julio,Jul. 2021,ADP,Pucallpa,carga nacional,159.67
2021,Julio,Jul. 2021,ADP,Tarapoto,carga nacional,101.43
2021,Julio,Jul. 2021,ADP,Trujillo,carga nacional,34.07
2021,Julio,Jul. 2021,ADP,Tumbes,carga nacional,15.60
2021,Julio,Jul. 2021,COR,Atalaya,carga nacional,3.83
2021,Julio,Jul. 2021,COR,Cusco,carga nacional,124.51
2021,Julio,Jul. 2021,COR,Huánuco,carga nacional,17.83
2021,Julio,Jul. 2021,COR,Ilo,carga nacional,0.20
2021,Julio,Jul. 2021,COR,Jaén,carga nacional,4.70
2021,Julio,Jul. 2021,COR,Moquegua,carga nacional,0.37
2021,Julio,Jul. 2021,COR,Rioja,carga nacional,0.67
2021,Julio,Jul. 2021,COR,Tingo María,carga nacional,7.44
2021,Julio,Jul. 2021,COR,Yurimaguas,carga nacional,9.03
2021,Julio,Jul. 2021,LAP,Lima,carga nacional,"1,857.48"
2021,Julio,Jul. 2021,LAP,Lima,carga internacional,"17,777.11"
2021,Agosto,Ago. 2021,AAP,Arequipa,carga nacional,116.04
2021,Agosto,Ago. 2021,AAP,Ayacucho,carga nacional,45.55
2021,Agosto,Ago. 2021,AAP,Juliaca,carga nacional,46.49
2021,Agosto,Ago. 2021,AAP,Puerto Maldonado,carga nacional,53.83
2021,Agosto,Ago. 2021,AAP,Tacna,carga nacional,6.24
2021,Agosto,Ago. 2021,ADP,Cajamarca,carga nacional,29.99
2021,Agosto,Ago. 2021,ADP,Chiclayo,carga nacional,29.06
2021,Agosto,Ago. 2021,ADP,Iquitos,carga nacional,"1,037.83"
2021,Agosto,Ago. 2021,ADP,Iquitos,carga internacional,0.97
2021,Agosto,Ago. 2021,ADP,Piura,carga nacional,59.91
2021,Agosto,Ago. 2021,ADP,Pucallpa,carga nacional,102.59
2021,Agosto,Ago. 2021,ADP,Tarapoto,carga nacional,93.07
2021,Agosto,Ago. 2021,ADP,Trujillo,carga nacional,31.40
2021,Agosto,Ago. 2021,ADP,Tumbes,carga nacional,31.61
2021,Agosto,Ago. 2021,COR,Atalaya,carga nacional,8.03
2021,Agosto,Ago. 2021,COR,Cusco,carga nacional,104.28
2021,Agosto,Ago. 2021,COR,Huánuco,carga nacional,21.43
2021,Agosto,Ago. 2021,COR,Ilo,carga nacional,1.08
2021,Agosto,Ago. 2021,COR,Jaén,carga nacional,5.84
2021,Agosto,Ago. 2021,COR,Rioja,carga nacional,0.41
2021,Agosto,Ago. 2021,COR,Tingo María,carga nacional,4.61
2021,Agosto,Ago. 2021,COR,Yurimaguas,carga nacional,6.08
2021,Agosto,Ago. 2021,LAP,Lima,carga nacional,"1,833.26"
2021,Agosto,Ago. 2021,LAP,Lima,carga internacional,"15,878.20"
2021,Setiembre,Set. 2021,AAP,Arequipa,carga nacional,147.23
2021,Setiembre,Set. 2021,AAP,Ayacucho,carga nacional,45.28
2021,Setiembre,Set. 2021,AAP,Juliaca,carga nacional,47.16
2021,Setiembre,Set. 2021,AAP,Puerto Maldonado,carga nacional,58.72
2021,Setiembre,Set. 2021,AAP,Tacna,carga nacional,7.26
2021,Setiembre,Set. 2021,ADP,Cajamarca,carga nacional,33.55
2021,Setiembre,Set. 2021,ADP,Chiclayo,carga nacional,28.36
2021,Setiembre,Set. 2021,ADP,Iquitos,carga nacional,"1,072.31"
2021,Setiembre,Set. 2021,ADP,Iquitos,carga internacional,0.99
2021,Setiembre,Set. 2021,ADP,Piura,carga nacional,68.77
2021,Setiembre,Set. 2021,ADP,Pucallpa,carga nacional,142.97
2021,Setiembre,Set. 2021,ADP,Tarapoto,carga nacional,97.80
2021,Setiembre,Set. 2021,ADP,Trujillo,carga nacional,28.11
2021,Setiembre,Set. 2021,ADP,Tumbes,carga nacional,24.95
2021,Setiembre,Set. 2021,COR,Atalaya,carga nacional,4.73
2021,Setiembre,Set. 2021,COR,Cusco,carga nacional,106.42
2021,Setiembre,Set. 2021,COR,Huánuco,carga nacional,21.75
2021,Setiembre,Set. 2021,COR,Ilo,carga nacional,3.56
2021,Setiembre,Set. 2021,COR,Jaén,carga nacional,4.54
2021,Setiembre,Set. 2021,COR,Moquegua,carga nacional,0.05
2021,Setiembre,Set. 2021,COR,Rioja,carga nacional,0.27
2021,Setiembre,Set. 2021,COR,Tingo María,carga nacional,4.15
2021,Setiembre,Set. 2021,COR,Yurimaguas,carga nacional,5.48
2021,Setiembre,Set. 2021,LAP,Lima,carga nacional,"1,962.06"
2021,Setiembre,Set. 2021,LAP,Lima,carga internacional,"17,418.40"
2021,Octubre,Oct. 2021,AAP,Arequipa,carga nacional,145.89
2021,Octubre,Oct. 2021,AAP,Ayacucho,carga nacional,47.36
2021,Octubre,Oct. 2021,AAP,Juliaca,carga nacional,59.85
2021,Octubre,Oct. 2021,AAP,Puerto Maldonado,carga nacional,58.75
2021,Octubre,Oct. 2021,AAP,Tacna,carga nacional,6.72
2021,Octubre,Oct. 2021,ADP,Cajamarca,carga nacional,29.01
2021,Octubre,Oct. 2021,ADP,Chiclayo,carga nacional,28.24
2021,Octubre,Oct. 2021,ADP,Iquitos,carga nacional,"1,023.77"
2021,Octubre,Oct. 2021,ADP,Iquitos,carga internacional,0.87
2021,Octubre,Oct. 2021,ADP,Piura,carga nacional,71.35
2021,Octubre,Oct. 2021,ADP,Pucallpa,carga nacional,204.57
2021,Octubre,Oct. 2021,ADP,Tarapoto,carga nacional,111.11
2021,Octubre,Oct. 2021,ADP,Trujillo,carga nacional,34.82
2021,Octubre,Oct. 2021,ADP,Tumbes,carga nacional,31.01
2021,Octubre,Oct. 2021,COR,Atalaya,carga nacional,4.45
2021,Octubre,Oct. 2021,COR,Cusco,carga nacional,125.70
2021,Octubre,Oct. 2021,COR,Huánuco,carga nacional,22.41
2021,Octubre,Oct. 2021,COR,Ilo,carga nacional,3.12
2021,Octubre,Oct. 2021,COR,Jaén,carga nacional,5.58
2021,Octubre,Oct. 2021,COR,Rioja,carga nacional,0.23
2021,Octubre,Oct. 2021,COR,Tingo María,carga nacional,3.91
2021,Octubre,Oct. 2021,COR,Yurimaguas,carga nacional,5.23
2021,Octubre,Oct. 2021,LAP,Lima,carga nacional,"1,964.64"
2021,Octubre,Oct. 2021,LAP,Lima,carga internacional,"17,499.45"
2021,Noviembre,Nov. 2021,AAP,Arequipa,carga nacional,132.30
2021,Noviembre,Nov. 2021,AAP,Ayacucho,carga nacional,60.44
2021,Noviembre,Nov. 2021,AAP,Juliaca,carga nacional,54.12
2021,Noviembre,Nov. 2021,AAP,Puerto Maldonado,carga nacional,63.84
2021,Noviembre,Nov. 2021,AAP,Tacna,carga nacional,9.06
2021,Noviembre,Nov. 2021,ADP,Cajamarca,carga nacional,40.79
2021,Noviembre,Nov. 2021,ADP,Chiclayo,carga nacional,39.80
2021,Noviembre,Nov. 2021,ADP,Iquitos,carga nacional,"1,041.67"
2021,Noviembre,Nov. 2021,ADP,Iquitos,carga internacional,1.27
2021,Noviembre,Nov. 2021,ADP,Piura,carga nacional,109.95
2021,Noviembre,Nov. 2021,ADP,Pucallpa,carga nacional,131.02
2021,Noviembre,Nov. 2021,ADP,Tarapoto,carga nacional,128.61
2021,Noviembre,Nov. 2021,ADP,Trujillo,carga nacional,50.89
2021,Noviembre,Nov. 2021,ADP,Tumbes,carga nacional,21.83
2021,Noviembre,Nov. 2021,COR,Atalaya,carga nacional,6.32
2021,Noviembre,Nov. 2021,COR,Cusco,carga nacional,130.60
2021,Noviembre,Nov. 2021,COR,Huánuco,carga nacional,20.21
2021,Noviembre,Nov. 2021,COR,Ilo,carga nacional,2.86
2021,Noviembre,Nov. 2021,COR,Jaén,carga nacional,5.14
2021,Noviembre,Nov. 2021,COR,Jauja,carga nacional,6.50
2021,Noviembre,Nov. 2021,COR,Rioja,carga nacional,0.22
2021,Noviembre,Nov. 2021,COR,Tingo María,carga nacional,3.42
2021,Noviembre,Nov. 2021,COR,Yurimaguas,carga nacional,13.64
2021,Noviembre,Nov. 2021,LAP,Lima,carga nacional,"2,152.96"
2021,Noviembre,Nov. 2021,LAP,Lima,carga internacional,"17,190.73"
2021,Diciembre,Dic. 2021,AAP,Arequipa,carga nacional,159.63
2021,Diciembre,Dic. 2021,AAP,Ayacucho,carga nacional,63.71
2021,Diciembre,Dic. 2021,AAP,Juliaca,carga nacional,61.66
2021,Diciembre,Dic. 2021,AAP,Puerto Maldonado,carga nacional,72.67
2021,Diciembre,Dic. 2021,AAP,Tacna,carga nacional,12.39
2021,Diciembre,Dic. 2021,ADP,Cajamarca,carga nacional,39.54
2021,Diciembre,Dic. 2021,ADP,Chachapoyas,carga nacional,0.02
2021,Diciembre,Dic. 2021,ADP,Chiclayo,carga nacional,82.55
2021,Diciembre,Dic. 2021,ADP,Iquitos,carga nacional,"1,281.18"
2021,Diciembre,Dic. 2021,ADP,Iquitos,carga internacional,2.74
2021,Diciembre,Dic. 2021,ADP,Piura,carga nacional,96.13
2021,Diciembre,Dic. 2021,ADP,Pucallpa,carga nacional,125.51
2021,Diciembre,Dic. 2021,ADP,Tarapoto,carga nacional,187.13
2021,Diciembre,Dic. 2021,ADP,Trujillo,carga nacional,46.30
2021,Diciembre,Dic. 2021,ADP,Tumbes,carga nacional,33.76
2021,Diciembre,Dic. 2021,COR,Atalaya,carga nacional,8.90
2021,Diciembre,Dic. 2021,COR,Cusco,carga nacional,159.03
2021,Diciembre,Dic. 2021,COR,Huánuco,carga nacional,20.37
2021,Diciembre,Dic. 2021,COR,Ilo,carga nacional,1.14
2021,Diciembre,Dic. 2021,COR,Jaén,carga nacional,5.00
2021,Diciembre,Dic. 2021,COR,Jauja,carga nacional,3.00
2021,Diciembre,Dic. 2021,COR,Rioja,carga nacional,0.20
2021,Diciembre,Dic. 2021,COR,Tingo María,carga nacional,3.47
2021,Diciembre,Dic. 2021,COR,Yurimaguas,carga nacional,13.15
2021,Diciembre,Dic. 2021,LAP,Lima,carga nacional,"2,555.57"
2021,Diciembre,Dic. 2021,LAP,Lima,carga internacional,"18,394.24"
2022,Enero,Ene. 2022,AAP,Arequipa,carga nacional,114.46
2022,Enero,Ene. 2022,AAP,Ayacucho,carga nacional,7.72
2022,Enero,Ene. 2022,AAP,Juliaca,carga nacional,44.24
2022,Enero,Ene. 2022,AAP,Puerto Maldonado,carga nacional,40.71
2022,Enero,Ene. 2022,AAP,Tacna,carga nacional,52.29
2022,Enero,Ene. 2022,ADP,Cajamarca,carga nacional,26.85
2022,Enero,Ene. 2022,ADP,Chiclayo,carga nacional,76.49
2022,Enero,Ene. 2022,ADP,Iquitos,carga nacional,935.52
2022,Enero,Ene. 2022,ADP,Iquitos,carga internacional,1.80
2022,Enero,Ene. 2022,ADP,Piura,carga nacional,68.29
2022,Enero,Ene. 2022,ADP,Pucallpa,carga nacional,96.47
2022,Enero,Ene. 2022,ADP,Tarapoto,carga nacional,113.61
2022,Enero,Ene. 2022,ADP,Trujillo,carga nacional,35.37
2022,Enero,Ene. 2022,ADP,Tumbes,carga nacional,20.02
2022,Enero,Ene. 2022,COR,Atalaya,carga nacional,6.40
2022,Enero,Ene. 2022,COR,Cusco,carga nacional,84.71
2022,Enero,Ene. 2022,COR,Huánuco,carga nacional,17.71
2022,Enero,Ene. 2022,COR,Ilo,carga nacional,0.29
2022,Enero,Ene. 2022,COR,Jaén,carga nacional,15.85
2022,Enero,Ene. 2022,COR,Mazamari,carga nacional,2.47
2022,Enero,Ene. 2022,COR,Rioja,carga nacional,0.27
2022,Enero,Ene. 2022,COR,Tingo María,carga nacional,2.47
2022,Enero,Ene. 2022,COR,Yurimaguas,carga nacional,10.65
2022,Enero,Ene. 2022,LAP,Lima,carga nacional,"1,817.04"
2022,Enero,Ene. 2022,LAP,Lima,carga internacional,"16,446.19"
2022,Febrero,Feb. 2022,AAP,Arequipa,carga nacional,118.35
2022,Febrero,Feb. 2022,AAP,Ayacucho,carga nacional,6.19
2022,Febrero,Feb. 2022,AAP,Juliaca,carga nacional,48.64
2022,Febrero,Feb. 2022,AAP,Puerto Maldonado,carga nacional,48.63
2022,Febrero,Feb. 2022,AAP,Tacna,carga nacional,53.36
2022,Febrero,Feb. 2022,ADP,Cajamarca,carga nacional,29.55
2022,Febrero,Feb. 2022,ADP,Chiclayo,carga nacional,58.36
2022,Febrero,Feb. 2022,ADP,Iquitos,carga nacional,856.27
2022,Febrero,Feb. 2022,ADP,Iquitos,carga internacional,0.43
2022,Febrero,Feb. 2022,ADP,Piura,carga nacional,67.86
2022,Febrero,Feb. 2022,ADP,Pucallpa,carga nacional,135.58
2022,Febrero,Feb. 2022,ADP,Tarapoto,carga nacional,131.72
2022,Febrero,Feb. 2022,ADP,Trujillo,carga nacional,31.93
2022,Febrero,Feb. 2022,ADP,Tumbes,carga nacional,22.21
2022,Febrero,Feb. 2022,COR,Atalaya,carga nacional,7.87
2022,Febrero,Feb. 2022,COR,Cusco,carga nacional,117.14
2022,Febrero,Feb. 2022,COR,Huánuco,carga nacional,16.59
2022,Febrero,Feb. 2022,COR,Ilo,carga nacional,0.27
2022,Febrero,Feb. 2022,COR,Jaén,carga nacional,4.11
2022,Febrero,Feb. 2022,COR,Mazamari,carga nacional,2.36
2022,Febrero,Feb. 2022,COR,Rioja,carga nacional,0.11
2022,Febrero,Feb. 2022,COR,Tingo María,carga nacional,1.93
2022,Febrero,Feb. 2022,COR,Yurimaguas,carga nacional,10.10
2022,Febrero,Feb. 2022,LAP,Lima,carga nacional,"1,724.18"
2022,Febrero,Feb. 2022,LAP,Lima,carga internacional,"14,544.74"
2022,Marzo,Mar. 2022,AAP,Arequipa,carga nacional,138.63
2022,Marzo,Mar. 2022,AAP,Ayacucho,carga nacional,8.67
2022,Marzo,Mar. 2022,AAP,Juliaca,carga nacional,49.80
2022,Marzo,Mar. 2022,AAP,Puerto Maldonado,carga nacional,51.55
2022,Marzo,Mar. 2022,AAP,Tacna,carga nacional,59.69
2022,Marzo,Mar. 2022,ADP,Cajamarca,carga nacional,35.62
2022,Marzo,Mar. 2022,ADP,Chiclayo,carga nacional,81.12
2022,Marzo,Mar. 2022,ADP,Iquitos,carga nacional,"1,018.58"
2022,Marzo,Mar. 2022,ADP,Iquitos,carga internacional,0.49
2022,Marzo,Mar. 2022,ADP,Piura,carga nacional,81.23
2022,Marzo,Mar. 2022,ADP,Pucallpa,carga nacional,150.04
2022,Marzo,Mar. 2022,ADP,Tarapoto,carga nacional,131.32
2022,Marzo,Mar. 2022,ADP,Trujillo,carga nacional,54.57
2022,Marzo,Mar. 2022,ADP,Tumbes,carga nacional,21.43
2022,Marzo,Mar. 2022,COR,Atalaya,carga nacional,10.26
2022,Marzo,Mar. 2022,COR,Cusco,carga nacional,114.26
2022,Marzo,Mar. 2022,COR,Huánuco,carga nacional,10.70
2022,Marzo,Mar. 2022,COR,Jaén,carga nacional,1.94
2022,Marzo,Mar. 2022,COR,Jauja,carga nacional,0.95
2022,Marzo,Mar. 2022,COR,Mazamari,carga nacional,0.38
2022,Marzo,Mar. 2022,COR,Rioja,carga nacional,0.24
2022,Marzo,Mar. 2022,COR,Tingo María,carga nacional,1.43
2022,Marzo,Mar. 2022,COR,Yurimaguas,carga nacional,9.36
2022,Marzo,Mar. 2022,LAP,Lima,carga nacional,"2,006.41"
2022,Marzo,Mar. 2022,LAP,Lima,carga internacional,"16,346.66"
2022,Abril,Abr. 2022,AAP,Arequipa,carga nacional,202.53
2022,Abril,Abr. 2022,AAP,Ayacucho,carga nacional,8.11
2022,Abril,Abr. 2022,AAP,Juliaca,carga nacional,54.80
2022,Abril,Abr. 2022,AAP,Puerto Maldonado,carga nacional,54.80
2022,Abril,Abr. 2022,AAP,Tacna,carga nacional,67.42
2022,Abril,Abr. 2022,ADP,Cajamarca,carga nacional,47.58
2022,Abril,Abr. 2022,ADP,Chiclayo,carga nacional,68.43
2022,Abril,Abr. 2022,ADP,Huaraz-Anta,carga nacional,0.52
2022,Abril,Abr. 2022,ADP,Iquitos,carga nacional,922.96
2022,Abril,Abr. 2022,ADP,Iquitos,carga internacional,2.32
2022,Abril,Abr. 2022,ADP,Piura,carga nacional,81.23
2022,Abril,Abr. 2022,ADP,Pucallpa,carga nacional,151.33
2022,Abril,Abr. 2022,ADP,Tarapoto,carga nacional,117.71
2022,Abril,Abr. 2022,ADP,Trujillo,carga nacional,99.59
2022,Abril,Abr. 2022,ADP,Tumbes,carga nacional,25.87
2022,Abril,Abr. 2022,COR,Atalaya,carga nacional,8.67
2022,Abril,Abr. 2022,COR,Cusco,carga nacional,132.13
2022,Abril,Abr. 2022,COR,Huánuco,carga nacional,4.88
2022,Abril,Abr. 2022,COR,Jaén,carga nacional,1.68
2022,Abril,Abr. 2022,COR,Mazamari,carga nacional,1.80
2022,Abril,Abr. 2022,COR,Rioja,carga nacional,0.23
2022,Abril,Abr. 2022,COR,Tingo María,carga nacional,0.51
2022,Abril,Abr. 2022,COR,Yurimaguas,carga nacional,9.43
2022,Abril,Abr. 2022,LAP,Lima,carga nacional,"2,011.37"
2022,Abril,Abr. 2022,LAP,Lima,carga internacional,"15,530.99"
2022,Mayo,May. 2022,AAP,Arequipa,carga nacional,152.58
2022,Mayo,May. 2022,AAP,Ayacucho,carga nacional,7.68
2022,Mayo,May. 2022,AAP,Juliaca,carga nacional,20.98
2022,Mayo,May. 2022,AAP,Puerto Maldonado,carga nacional,59.68
2022,Mayo,May. 2022,AAP,Tacna,carga nacional,64.41
2022,Mayo,May. 2022,ADP,Cajamarca,carga nacional,33.68
2022,Mayo,May. 2022,ADP,Chiclayo,carga nacional,32.28
2022,Mayo,May. 2022,ADP,Iquitos,carga nacional,922.48
2022,Mayo,May. 2022,ADP,Iquitos,carga internacional,1.54
2022,Mayo,May. 2022,ADP,Piura,carga nacional,54.61
2022,Mayo,May. 2022,ADP,Pucallpa,carga nacional,94.45
2022,Mayo,May. 2022,ADP,Tarapoto,carga nacional,115.97
2022,Mayo,May. 2022,ADP,Trujillo,carga nacional,45.51
2022,Mayo,May. 2022,ADP,Tumbes,carga nacional,25.32
2022,Mayo,May. 2022,COR,Atalaya,carga nacional,9.16
2022,Mayo,May. 2022,COR,Cusco,carga nacional,138.45
2022,Mayo,May. 2022,COR,Huánuco,carga nacional,5.02
2022,Mayo,May. 2022,COR,Jaén,carga nacional,2.08
2022,Mayo,May. 2022,COR,Mazamari,carga nacional,1.57
2022,Mayo,May. 2022,COR,Rioja,carga nacional,0.24
2022,Mayo,May. 2022,COR,Tingo María,carga nacional,0.51
2022,Mayo,May. 2022,COR,Yurimaguas,carga nacional,9.43
2022,Mayo,May. 2022,LAP,Lima,carga nacional,"1,839.00"
2022,Mayo,May. 2022,LAP,Lima,carga internacional,"14,905.69"
2022,Junio,Jun. 2022,AAP,Arequipa,carga nacional,126.97
2022,Junio,Jun. 2022,AAP,Ayacucho,carga nacional,8.38
2022,Junio,Jun. 2022,AAP,Juliaca,carga nacional,16.49
2022,Junio,Jun. 2022,AAP,Puerto Maldonado,carga nacional,48.98
2022,Junio,Jun. 2022,AAP,Tacna,carga nacional,63.07
2022,Junio,Jun. 2022,ADP,Cajamarca,carga nacional,34.44
2022,Junio,Jun. 2022,ADP,Chiclayo,carga nacional,34.48
2022,Junio,Jun. 2022,ADP,Huaraz-Anta,carga nacional,0.72
2022,Junio,Jun. 2022,ADP,Iquitos,carga nacional,893.53
2022,Junio,Jun. 2022,ADP,Iquitos,carga internacional,1.17
2022,Junio,Jun. 2022,ADP,Piura,carga nacional,55.77
2022,Junio,Jun. 2022,ADP,Pucallpa,carga nacional,187.15
2022,Junio,Jun. 2022,ADP,Tarapoto,carga nacional,120.77
2022,Junio,Jun. 2022,ADP,Trujillo,carga nacional,43.68
2022,Junio,Jun. 2022,ADP,Tumbes,carga nacional,26.10
2022,Junio,Jun. 2022,COR,Atalaya,carga nacional,9.64
2022,Junio,Jun. 2022,COR,Cusco,carga nacional,117.99
2022,Junio,Jun. 2022,COR,Huánuco,carga nacional,15.40
2022,Junio,Jun. 2022,COR,Jaén,carga nacional,0.44
2022,Junio,Jun. 2022,COR,Mazamari,carga nacional,5.90
2022,Junio,Jun. 2022,COR,Rioja,carga nacional,0.15
2022,Junio,Jun. 2022,COR,Tingo María,carga nacional,1.66
2022,Junio,Jun. 2022,COR,Yurimaguas,carga nacional,7.85
2022,Junio,Jun. 2022,LAP,Lima,carga nacional,"1,853.43"
2022,Junio,Jun. 2022,LAP,Lima,carga internacional,"14,991.26"
2022,Julio,Jul. 2022,AAP,Arequipa,carga nacional,156.37
2022,Julio,Jul. 2022,AAP,Ayacucho,carga nacional,9.12
2022,Julio,Jul. 2022,AAP,Juliaca,carga nacional,49.70
2022,Julio,Jul. 2022,AAP,Puerto Maldonado,carga nacional,59.52
2022,Julio,Jul. 2022,AAP,Tacna,carga nacional,61.96
2022,Julio,Jul. 2022,ADP,Cajamarca,carga nacional,39.90
2022,Julio,Jul. 2022,ADP,Chiclayo,carga nacional,42.95
2022,Julio,Jul. 2022,ADP,Iquitos,carga nacional,"1,033.86"
2022,Julio,Jul. 2022,ADP,Iquitos,carga internacional,0.75
2022,Julio,Jul. 2022,ADP,Piura,carga nacional,58.11
2022,Julio,Jul. 2022,ADP,Pucallpa,carga nacional,104.69
2022,Julio,Jul. 2022,ADP,Tarapoto,carga nacional,139.29
2022,Julio,Jul. 2022,ADP,Trujillo,carga nacional,68.20
2022,Julio,Jul. 2022,ADP,Tumbes,carga nacional,38.25
2022,Julio,Jul. 2022,COR,Atalaya,carga nacional,4.89
2022,Julio,Jul. 2022,COR,Chimbote,carga nacional,0.91
2022,Julio,Jul. 2022,COR,Cusco,carga nacional,144.52
2022,Julio,Jul. 2022,COR,Huánuco,carga nacional,16.19
2022,Julio,Jul. 2022,COR,Mazamari,carga nacional,6.40
2022,Julio,Jul. 2022,COR,Rioja,carga nacional,0.10
2022,Julio,Jul. 2022,COR,Tingo María,carga nacional,1.39
2022,Julio,Jul. 2022,COR,Yurimaguas,carga nacional,8.43
2022,Julio,Jul. 2022,LAP,Lima,carga nacional,"2,096.64"
2022,Julio,Jul. 2022,LAP,Lima,carga internacional,"16,452.04"
2022,Agosto,Ago. 2022,AAP,Arequipa,carga nacional,190.24
2022,Agosto,Ago. 2022,AAP,Ayacucho,carga nacional,9.02
2022,Agosto,Ago. 2022,AAP,Juliaca,carga nacional,47.41
2022,Agosto,Ago. 2022,AAP,Puerto Maldonado,carga nacional,53.92
2022,Agosto,Ago. 2022,AAP,Tacna,carga nacional,64.79
2022,Agosto,Ago. 2022,ADP,Cajamarca,carga nacional,46.75
2022,Agosto,Ago. 2022,ADP,Chiclayo,carga nacional,43.13
2022,Agosto,Ago. 2022,ADP,Iquitos,carga nacional,"1,136.93"
2022,Agosto,Ago. 2022,ADP,Iquitos,carga internacional,1.01
2022,Agosto,Ago. 2022,ADP,Piura,carga nacional,62.97
2022,Agosto,Ago. 2022,ADP,Pucallpa,carga nacional,105.54
2022,Agosto,Ago. 2022,ADP,Tarapoto,carga nacional,144.13
2022,Agosto,Ago. 2022,ADP,Trujillo,carga nacional,72.83
2022,Agosto,Ago. 2022,ADP,Tumbes,carga nacional,50.63
2022,Agosto,Ago. 2022,COR,Atalaya,carga nacional,6.21
2022,Agosto,Ago. 2022,COR,Chimbote,carga nacional,2.82
2022,Agosto,Ago. 2022,COR,Cusco,carga nacional,144.79
2022,Agosto,Ago. 2022,COR,Huánuco,carga nacional,20.09
2022,Agosto,Ago. 2022,COR,Jaén,carga nacional,2.83
2022,Agosto,Ago. 2022,COR,Mazamari,carga nacional,8.48
2022,Agosto,Ago. 2022,COR,Rioja,carga nacional,0.08
2022,Agosto,Ago. 2022,COR,Tingo María,carga nacional,1.05
2022,Agosto,Ago. 2022,COR,Yurimaguas,carga nacional,7.31
2022,Agosto,Ago. 2022,LAP,Lima,carga nacional,"2,383.83"
2022,Agosto,Ago. 2022,LAP,Lima,carga internacional,"16,250.05"
2022,Setiembre,Set. 2022,AAP,Arequipa,carga nacional,188.50
2022,Setiembre,Set. 2022,AAP,Ayacucho,carga nacional,8.88
2022,Setiembre,Set. 2022,AAP,Juliaca,carga nacional,34.38
2022,Setiembre,Set. 2022,AAP,Puerto Maldonado,carga nacional,59.68
2022,Setiembre,Set. 2022,AAP,Tacna,carga nacional,64.52
2022,Setiembre,Set. 2022,ADP,Cajamarca,carga nacional,44.70
2022,Setiembre,Set. 2022,ADP,Chiclayo,carga nacional,46.96
2022,Setiembre,Set. 2022,ADP,Iquitos,carga nacional,"1,083.95"
2022,Setiembre,Set. 2022,ADP,Iquitos,carga internacional,1.01
2022,Setiembre,Set. 2022,ADP,Piura,carga nacional,74.58
2022,Setiembre,Set. 2022,ADP,Pucallpa,carga nacional,174.55
2022,Setiembre,Set. 2022,ADP,Tarapoto,carga nacional,146.02
2022,Setiembre,Set. 2022,ADP,Trujillo,carga nacional,73.00
2022,Setiembre,Set. 2022,ADP,Tumbes,carga nacional,30.38
2022,Setiembre,Set. 2022,COR,Atalaya,carga nacional,10.14
2022,Setiembre,Set. 2022,COR,Chimbote,carga nacional,2.14
2022,Setiembre,Set. 2022,COR,Cusco,carga nacional,157.00
2022,Setiembre,Set. 2022,COR,Huánuco,carga nacional,8.64
2022,Setiembre,Set. 2022,COR,Jaén,carga nacional,6.09
2022,Setiembre,Set. 2022,COR,Mazamari,carga nacional,3.19
2022,Setiembre,Set. 2022,COR,Rioja,carga nacional,0.07
2022,Setiembre,Set. 2022,COR,Tingo María,carga nacional,0.88
2022,Setiembre,Set. 2022,COR,Yurimaguas,carga nacional,8.55
2022,Setiembre,Set. 2022,LAP,Lima,carga nacional,"2,390.75"
2022,Setiembre,Set. 2022,LAP,Lima,carga internacional,"15,696.75"
2022,Octubre,Oct. 2022,AAP,Arequipa,carga nacional,169.99
2022,Octubre,Oct. 2022,AAP,Ayacucho,carga nacional,10.70
2022,Octubre,Oct. 2022,AAP,Juliaca,carga nacional,36.42
2022,Octubre,Oct. 2022,AAP,Puerto Maldonado,carga nacional,57.76
2022,Octubre,Oct. 2022,AAP,Tacna,carga nacional,57.17
2022,Octubre,Oct. 2022,ADP,Cajamarca,carga nacional,47.44
2022,Octubre,Oct. 2022,ADP,Chiclayo,carga nacional,69.76
2022,Octubre,Oct. 2022,ADP,Iquitos,carga nacional,"1,160.00"
2022,Octubre,Oct. 2022,ADP,Iquitos,carga internacional,0.49
2022,Octubre,Oct. 2022,ADP,Piura,carga nacional,67.06
2022,Octubre,Oct. 2022,ADP,Pucallpa,carga nacional,188.79
2022,Octubre,Oct. 2022,ADP,Tarapoto,carga nacional,165.27
2022,Octubre,Oct. 2022,ADP,Trujillo,carga nacional,84.92
2022,Octubre,Oct. 2022,ADP,Tumbes,carga nacional,32.77
2022,Octubre,Oct. 2022,COR,Atalaya,carga nacional,6.32
2022,Octubre,Oct. 2022,COR,Chimbote,carga nacional,0.43
2022,Octubre,Oct. 2022,COR,Cusco,carga nacional,156.62
2022,Octubre,Oct. 2022,COR,Huánuco,carga nacional,16.79
2022,Octubre,Oct. 2022,COR,Jaén,carga nacional,7.97
2022,Octubre,Oct. 2022,COR,Mazamari,carga nacional,6.34
2022,Octubre,Oct. 2022,COR,Rioja,carga nacional,0.05
2022,Octubre,Oct. 2022,COR,Yurimaguas,carga nacional,8.81
2022,Octubre,Oct. 2022,LAP,Lima,carga nacional,"2,447.10"
2022,Octubre,Oct. 2022,LAP,Lima,carga internacional,"17,408.61"
2022,Noviembre,Nov. 2022,AAP,Arequipa,carga nacional,161.22
2022,Noviembre,Nov. 2022,AAP,Ayacucho,carga nacional,14.34
2022,Noviembre,Nov. 2022,AAP,Juliaca,carga nacional,49.79
2022,Noviembre,Nov. 2022,AAP,Puerto Maldonado,carga nacional,54.36
2022,Noviembre,Nov. 2022,AAP,Tacna,carga nacional,61.05
2022,Noviembre,Nov. 2022,ADP,Cajamarca,carga nacional,45.14
2022,Noviembre,Nov. 2022,ADP,Chiclayo,carga nacional,37.91
2022,Noviembre,Nov. 2022,ADP,Iquitos,carga nacional,"1,029.52"
2022,Noviembre,Nov. 2022,ADP,Piura,carga nacional,84.97
2022,Noviembre,Nov. 2022,ADP,Pucallpa,carga nacional,130.93
2022,Noviembre,Nov. 2022,ADP,Tarapoto,carga nacional,156.62
2022,Noviembre,Nov. 2022,ADP,Trujillo,carga nacional,59.07
2022,Noviembre,Nov. 2022,ADP,Tumbes,carga nacional,33.47
2022,Noviembre,Nov. 2022,COR,Atalaya,carga nacional,3.99
2022,Noviembre,Nov. 2022,COR,Cusco,carga nacional,145.95
2022,Noviembre,Nov. 2022,COR,Huánuco,carga nacional,15.62
2022,Noviembre,Nov. 2022,COR,Jaén,carga nacional,6.80
2022,Noviembre,Nov. 2022,COR,Mazamari,carga nacional,6.48
2022,Noviembre,Nov. 2022,COR,Rioja,carga nacional,0.11
2022,Noviembre,Nov. 2022,COR,Yurimaguas,carga nacional,8.36
2022,Noviembre,Nov. 2022,LAP,Lima,carga nacional,"2,179.12"
2022,Noviembre,Nov. 2022,LAP,Lima,carga internacional,"18,440.68"
2022,Diciembre,Dic. 2022,AAP,Arequipa,carga nacional,212.54
2022,Diciembre,Dic. 2022,AAP,Ayacucho,carga nacional,10.82
2022,Diciembre,Dic. 2022,AAP,Juliaca,carga nacional,76.27
2022,Diciembre,Dic. 2022,AAP,Puerto Maldonado,carga nacional,57.29
2022,Diciembre,Dic. 2022,AAP,Tacna,carga nacional,102.11
2022,Diciembre,Dic. 2022,ADP,Cajamarca,carga nacional,69.83
2022,Diciembre,Dic. 2022,ADP,Chiclayo,carga nacional,82.02
2022,Diciembre,Dic. 2022,ADP,Iquitos,carga nacional,"1,137.34"
2022,Diciembre,Dic. 2022,ADP,Piura,carga nacional,118.97
2022,Diciembre,Dic. 2022,ADP,Pucallpa,carga nacional,159.82
2022,Diciembre,Dic. 2022,ADP,Tarapoto,carga nacional,190.01
2022,Diciembre,Dic. 2022,ADP,Trujillo,carga nacional,97.96
2022,Diciembre,Dic. 2022,ADP,Tumbes,carga nacional,57.04
2022,Diciembre,Dic. 2022,COR,Atalaya,carga nacional,6.22
2022,Diciembre,Dic. 2022,COR,Cusco,carga nacional,146.10
2022,Diciembre,Dic. 2022,COR,Huánuco,carga nacional,12.38
2022,Diciembre,Dic. 2022,COR,Jaén,carga nacional,1.39
2022,Diciembre,Dic. 2022,COR,Mazamari,carga nacional,2.68
2022,Diciembre,Dic. 2022,COR,Yurimaguas,carga nacional,8.37
2022,Diciembre,Dic. 2022,LAP,Lima,carga nacional,"2,414.63"
2022,Diciembre,Dic. 2022,LAP,Lima,carga internacional,"17,020.72"
2023,Enero,Ene. 2023,AAP,Arequipa,carga nacional,287.29
2023,Enero,Ene. 2023,AAP,Ayacucho,carga nacional,12.20
2023,Enero,Ene. 2023,AAP,Juliaca,carga nacional,8.74
2023,Enero,Ene. 2023,AAP,Puerto Maldonado,carga nacional,160.70
2023,Enero,Ene. 2023,AAP,Tacna,carga nacional,104.31
2023,Enero,Ene. 2023,ADP,Cajamarca,carga nacional,48.70
2023,Enero,Ene. 2023,ADP,Chiclayo,carga nacional,56.23
2023,Enero,Ene. 2023,ADP,Iquitos,carga nacional,913.94
2023,Enero,Ene. 2023,ADP,Piura,carga nacional,101.06
2023,Enero,Ene. 2023,ADP,Pucallpa,carga nacional,132.53
2023,Enero,Ene. 2023,ADP,Tarapoto,carga nacional,159.82
2023,Enero,Ene. 2023,ADP,Trujillo,carga nacional,105.64
2023,Enero,Ene. 2023,ADP,Tumbes,carga nacional,39.18
2023,Enero,Ene. 2023,COR,Atalaya,carga nacional,3.86
2023,Enero,Ene. 2023,COR,Cusco,carga nacional,149.67
2023,Enero,Ene. 2023,COR,Huánuco,carga nacional,14.77
2023,Enero,Ene. 2023,COR,Jaén,carga nacional,1.78
2023,Enero,Ene. 2023,COR,Jauja,carga nacional,1.50
2023,Enero,Ene. 2023,COR,Mazamari,carga nacional,5.23
2023,Enero,Ene. 2023,COR,Yurimaguas,carga nacional,8.18
2023,Enero,Ene. 2023,LAP,Lima,carga nacional,"2,074.71"
2023,Enero,Ene. 2023,LAP,Lima,carga internacional,"16,339.12"
2023,Febrero,Feb. 2023,AAP,Arequipa,carga nacional,213.69
2023,Febrero,Feb. 2023,AAP,Ayacucho,carga nacional,13.88
2023,Febrero,Feb. 2023,AAP,Puerto Maldonado,carga nacional,108.12
2023,Febrero,Feb. 2023,AAP,Tacna,carga nacional,68.65
2023,Febrero,Feb. 2023,ADP,Cajamarca,carga nacional,42.37
2023,Febrero,Feb. 2023,ADP,Chachapoyas,carga nacional,0.34
2023,Febrero,Feb. 2023,ADP,Chiclayo,carga nacional,28.66
2023,Febrero,Feb. 2023,ADP,Iquitos,carga nacional,901.18
2023,Febrero,Feb. 2023,ADP,Piura,carga nacional,59.03
2023,Febrero,Feb. 2023,ADP,Pucallpa,carga nacional,150.45
2023,Febrero,Feb. 2023,ADP,Tarapoto,carga nacional,141.11
2023,Febrero,Feb. 2023,ADP,Trujillo,carga nacional,34.70
2023,Febrero,Feb. 2023,ADP,Tumbes,carga nacional,29.70
2023,Febrero,Feb. 2023,COR,Atalaya,carga nacional,10.26
2023,Febrero,Feb. 2023,COR,Cusco,carga nacional,150.47
2023,Febrero,Feb. 2023,COR,Huánuco,carga nacional,12.38
2023,Febrero,Feb. 2023,COR,Mazamari,carga nacional,2.56
2023,Febrero,Feb. 2023,COR,Yurimaguas,carga nacional,7.61
2023,Febrero,Feb. 2023,LAP,Lima,carga nacional,"2,414.20"
2023,Febrero,Feb. 2023,LAP,Lima,carga internacional,"13,424.91"
2023,Marzo,Mar. 2023,AAP,Arequipa,carga nacional,186.14
2023,Marzo,Mar. 2023,AAP,Ayacucho,carga nacional,14.49
2023,Marzo,Mar. 2023,AAP,Puerto Maldonado,carga nacional,53.73
2023,Marzo,Mar. 2023,AAP,Tacna,carga nacional,67.80
2023,Marzo,Mar. 2023,ADP,Cajamarca,carga nacional,63.89
2023,Marzo,Mar. 2023,ADP,Chiclayo,carga nacional,93.03
2023,Marzo,Mar. 2023,ADP,Iquitos,carga nacional,"1,090.47"
2023,Marzo,Mar. 2023,ADP,Piura,carga nacional,145.15
2023,Marzo,Mar. 2023,ADP,Pucallpa,carga nacional,132.61
2023,Marzo,Mar. 2023,ADP,Tarapoto,carga nacional,179.72
2023,Marzo,Mar. 2023,ADP,Trujillo,carga nacional,109.77
2023,Marzo,Mar. 2023,ADP,Tumbes,carga nacional,48.62
2023,Marzo,Mar. 2023,LAP,Lima,carga nacional,"2,371.39"
2023,Marzo,Mar. 2023,LAP,Lima,carga internacional,"17,085.97"
